﻿[
    {
        "name": "1_ElmnoMori",
        "lat":43.071049,
        "lng":141.347466,
        "img":"img/CP1.png",
        "sound":"sound/Check1.mp3",
        "voice":"sound/1_elm_forest.mp3"
    },
    {
        "name": "2_Elm",
        "lat":43.071211,
        "lng":141.347070,
        "img":"img/CP2.png",
        "sound":"sound/Check2.mp3",
        "voice":"sound/2_elm.mp3"
    },
    {
        "name": "3_Urai",
        "lat":43.072247,
        "lng":141.345256,
        "img":"img/CP3.png",
        "sound":"sound/Check3.mp3",
        "voice":"sound/3_urai.mp3"
    },
    {
        "name": "4_hurukawa",
        "lat":43.071165,
        "lng":141.343563,
        "img":"img/CP1.png",
        "sound":"sound/Check1.mp3",
        "voice":"sound/4_hurukawa.mp3"
    },
    {
        "name": "5_Clark",
        "lat":43.070670,
        "lng":141.343381,
        "img":"img/CP2.png",
        "sound":"sound/Check2.mp3",
        "voice":"sound/5_clark.mp3"
    },
    {
        "name": "6_OldBuilding",
        "lat":43.070854,
        "lng":141.342474,
        "img":"img/CP3.png",
        "sound":"sound/Check3.mp3",
        "voice":"sound/6_oldbuilding.mp3"
    },
    {
        "name": "7_Musium",
        "lat":43.072691,
        "lng":141.342391,
        "img":"img/CP1.png",
        "sound":"sound/Check1.mp3",
        "voice":"sound/7_musiam.mp3"
    },
    {
        "name": "8_OnoPond",
        "lat":43.074359,
        "lng":141.341918,
        "img":"img/CP2.png",
        "sound":"sound/Check2.mp3",
        "voice":"sound/8_musiam.mp3"
    },
    {
        "name": "9_SakshkotoniRiv",
        "lat":43.074226,
        "lng":141.341126,
        "img":"img/CP3.png",
        "sound":"sound/Check3.mp3",
        "voice":"sound/9_sksktnLi.mp3"
    },
    {
        "name": "10_Popla",
        "lat":43.075222,
        "lng":141.336632,
        "img":"img/CP1.png",
        "sound":"sound/Check1.mp3",
        "voice":"sound/10_popla.mp3"
    },
    {
        "name": "11_LuinGurden",
        "lat":43.058824,
        "lng":141.332275,
        "img":"img/CP2.png",
        "sound":"sound/Check2.mp3",
        "voice":"sound/11_ruin.mp3"
    },
    {
        "name": "ModelBurn",
        "lat":43.081698,
        "lng":141.339938,
        "img":"img/CP3.png",
        "sound":"sound/Check3.mp3",
        "voice":"sound/11_ruin.mp3"
    },
    {
        "name": "Enyu",
        "lat":43.081212,
        "lng":141.341672,
        "img":"img/CP1.png",
        "sound":"sound/Check1.mp3",
        "voice":"sound/11_ruin.mp3"
    }
]